ds,y,unique_id,day,week,month,months_since_start,is_holiday,days_to_holiday
2022-05-16,1813.5,XAU,16,20,5,0,0,14
2022-05-17,1818.199951171875,XAU,17,20,5,0,0,13
2022-05-18,1815.9000244140625,XAU,18,20,5,0,0,12
2022-05-19,1841.199951171875,XAU,19,20,5,0,0,11
2022-05-20,1841.800048828125,XAU,20,20,5,0,0,10
2022-05-21,1843.800048828125,XAU,21,20,5,0,0,9
2022-05-22,1845.800048828125,XAU,22,20,5,0,0,8
2022-05-23,1847.800048828125,XAU,23,21,5,0,0,7
2022-05-24,1865.0999755859375,XAU,24,21,5,0,0,6
2022-05-25,1846.199951171875,XAU,25,21,5,0,0,5
2022-05-26,1847.4000244140625,XAU,26,21,5,0,0,4
2022-05-27,1851.300048828125,XAU,27,21,5,0,0,3
2022-05-28,1849.1500244140625,XAU,28,21,5,0,0,2
2022-05-29,1847.0,XAU,29,21,5,0,0,1
2022-05-30,1844.8499755859375,XAU,30,22,5,0,1,21
2022-05-31,1842.699951171875,XAU,31,22,5,0,0,20
2022-06-01,1843.300048828125,XAU,1,22,6,1,0,19
2022-06-02,1866.5,XAU,2,22,6,1,0,18
2022-06-03,1845.4000244140625,XAU,3,22,6,1,0,17
2022-06-04,1843.3333333333333,XAU,4,22,6,1,0,16
2022-06-05,1841.2666422526042,XAU,5,22,6,1,0,15
2022-06-06,1839.199951171875,XAU,6,23,6,1,0,14
2022-06-07,1847.5,XAU,7,23,6,1,0,13
2022-06-08,1851.9000244140625,XAU,8,23,6,1,0,12
2022-06-09,1848.800048828125,XAU,9,23,6,1,0,11
2022-06-10,1871.5,XAU,10,23,6,1,0,10
2022-06-11,1857.0,XAU,11,23,6,1,0,9
2022-06-12,1842.5,XAU,12,23,6,1,0,8
2022-06-13,1828.0,XAU,13,24,6,1,0,7
2022-06-14,1809.5,XAU,14,24,6,1,0,6
2022-06-15,1815.300048828125,XAU,15,24,6,1,0,5
2022-06-16,1845.699951171875,XAU,16,24,6,1,0,4
2022-06-17,1835.5999755859375,XAU,17,24,6,1,0,3
2022-06-18,1835.3499755859375,XAU,18,24,6,1,0,2
2022-06-19,1835.0999755859375,XAU,19,24,6,1,0,1
2022-06-20,1834.8499755859375,XAU,20,25,6,1,1,14
2022-06-21,1834.5999755859375,XAU,21,25,6,1,0,13
2022-06-22,1834.300048828125,XAU,22,25,6,1,0,12
2022-06-23,1825.699951171875,XAU,23,25,6,1,0,11
2022-06-24,1826.5,XAU,24,25,6,1,0,10
2022-06-25,1824.6333414713542,XAU,25,25,6,1,0,9
2022-06-26,1822.7666829427083,XAU,26,25,6,1,0,8
2022-06-27,1820.9000244140625,XAU,27,26,6,1,0,7
2022-06-28,1817.5,XAU,28,26,6,1,0,6
2022-06-29,1813.699951171875,XAU,29,26,6,1,0,5
2022-06-30,1804.0999755859375,XAU,30,26,6,1,0,4
2022-07-01,1798.9000244140625,XAU,1,26,7,2,0,3
2022-07-02,1789.6250305175781,XAU,2,26,7,2,0,2
2022-07-03,1780.3500366210938,XAU,3,26,7,2,0,1
2022-07-04,1771.0750427246094,XAU,4,27,7,2,1,63
2022-07-05,1761.800048828125,XAU,5,27,7,2,0,62
2022-07-06,1734.9000244140625,XAU,6,27,7,2,0,61
2022-07-07,1737.9000244140625,XAU,7,27,7,2,0,60
2022-07-08,1740.5999755859375,XAU,8,27,7,2,0,59
2022-07-09,1737.066650390625,XAU,9,27,7,2,0,58
2022-07-10,1733.5333251953125,XAU,10,27,7,2,0,57
2022-07-11,1730.0,XAU,11,28,7,2,0,56
2022-07-12,1723.300048828125,XAU,12,28,7,2,0,55
2022-07-13,1734.199951171875,XAU,13,28,7,2,0,54
2022-07-14,1704.5,XAU,14,28,7,2,0,53
2022-07-15,1702.4000244140625,XAU,15,28,7,2,0,52
2022-07-16,1704.6666666666667,XAU,16,28,7,2,0,51
2022-07-17,1706.9333089192708,XAU,17,28,7,2,0,50
2022-07-18,1709.199951171875,XAU,18,29,7,2,0,49
2022-07-19,1710.0,XAU,19,29,7,2,0,48
2022-07-20,1699.5,XAU,20,29,7,2,0,47
2022-07-21,1712.699951171875,XAU,21,29,7,2,0,46
2022-07-22,1727.0999755859375,XAU,22,29,7,2,0,45
2022-07-23,1724.3999837239583,XAU,23,29,7,2,0,44
2022-07-24,1721.6999918619792,XAU,24,29,7,2,0,43
2022-07-25,1719.0,XAU,25,30,7,2,0,42
2022-07-26,1717.699951171875,XAU,26,30,7,2,0,41
2022-07-27,1719.0999755859375,XAU,27,30,7,2,0,40
2022-07-28,1750.300048828125,XAU,28,30,7,2,0,39
2022-07-29,1762.9000244140625,XAU,29,30,7,2,0,38
2022-07-30,1764.933349609375,XAU,30,30,7,2,0,37
2022-07-31,1766.9666748046875,XAU,31,30,7,2,0,36
2022-08-01,1769.0,XAU,1,31,8,3,0,35
2022-08-02,1771.0999755859375,XAU,2,31,8,3,0,34
2022-08-03,1758.0,XAU,3,31,8,3,0,33
2022-08-04,1788.5,XAU,4,31,8,3,0,32
2022-08-05,1772.9000244140625,XAU,5,31,8,3,0,31
2022-08-06,1777.5333658854167,XAU,6,31,8,3,0,30
2022-08-07,1782.1667073567708,XAU,7,31,8,3,0,29
2022-08-08,1786.800048828125,XAU,8,32,8,3,0,28
2022-08-09,1794.0,XAU,9,32,8,3,0,27
2022-08-10,1795.5999755859375,XAU,10,32,8,3,0,26
2022-08-11,1789.699951171875,XAU,11,32,8,3,0,25
2022-08-12,1798.5999755859375,XAU,12,32,8,3,0,24
2022-08-13,1792.8666585286458,XAU,13,32,8,3,0,23
2022-08-14,1787.1333414713542,XAU,14,32,8,3,0,22
2022-08-15,1781.4000244140625,XAU,15,33,8,3,0,21
2022-08-16,1773.199951171875,XAU,16,33,8,3,0,20
2022-08-17,1760.300048828125,XAU,17,33,8,3,0,19
2022-08-18,1755.300048828125,XAU,18,33,8,3,0,18
2022-08-19,1747.5999755859375,XAU,19,33,8,3,0,17
2022-08-20,1743.066650390625,XAU,20,33,8,3,0,16
2022-08-21,1738.5333251953125,XAU,21,33,8,3,0,15
2022-08-22,1734.0,XAU,22,34,8,3,0,14
2022-08-23,1746.800048828125,XAU,23,34,8,3,0,13
2022-08-24,1747.800048828125,XAU,24,34,8,3,0,12
2022-08-25,1757.699951171875,XAU,25,34,8,3,0,11
2022-08-26,1736.0999755859375,XAU,26,34,8,3,0,10
2022-08-27,1736.2666422526042,XAU,27,34,8,3,0,9
2022-08-28,1736.4333089192708,XAU,28,34,8,3,0,8
2022-08-29,1736.5999755859375,XAU,29,35,8,3,0,7
2022-08-30,1723.199951171875,XAU,30,35,8,3,0,6
2022-08-31,1712.800048828125,XAU,31,35,8,3,0,5
2022-09-01,1696.5999755859375,XAU,1,35,9,4,0,4
2022-09-02,1709.800048828125,XAU,2,35,9,4,0,3
2022-09-03,1707.4500427246094,XAU,3,35,9,4,0,2
2022-09-04,1705.1000366210938,XAU,4,35,9,4,0,1
2022-09-05,1702.7500305175781,XAU,5,36,9,4,1,35
2022-09-06,1700.4000244140625,XAU,6,36,9,4,0,34
2022-09-07,1715.300048828125,XAU,7,36,9,4,0,33
2022-09-08,1708.0,XAU,8,36,9,4,0,32
2022-09-09,1716.199951171875,XAU,9,36,9,4,0,31
2022-09-10,1720.1666259765625,XAU,10,36,9,4,0,30
2022-09-11,1724.13330078125,XAU,11,36,9,4,0,29
2022-09-12,1728.0999755859375,XAU,12,37,9,4,0,28
2022-09-13,1705.0,XAU,13,37,9,4,0,27
2022-09-14,1696.5,XAU,14,37,9,4,0,26
2022-09-15,1665.4000244140625,XAU,15,37,9,4,0,25
2022-09-16,1671.699951171875,XAU,16,37,9,4,0,24
2022-09-17,1669.8666178385417,XAU,17,37,9,4,0,23
2022-09-18,1668.0332845052083,XAU,18,37,9,4,0,22
2022-09-19,1666.199951171875,XAU,19,38,9,4,0,21
2022-09-20,1659.699951171875,XAU,20,38,9,4,0,20
2022-09-21,1664.5999755859375,XAU,21,38,9,4,0,19
2022-09-22,1670.800048828125,XAU,22,38,9,4,0,18
2022-09-23,1645.300048828125,XAU,23,38,9,4,0,17
2022-09-24,1637.9667154947917,XAU,24,38,9,4,0,16
2022-09-25,1630.6333821614583,XAU,25,38,9,4,0,15
2022-09-26,1623.300048828125,XAU,26,39,9,4,0,14
2022-09-27,1626.699951171875,XAU,27,39,9,4,0,13
2022-09-28,1660.4000244140625,XAU,28,39,9,4,0,12
2022-09-29,1658.5,XAU,29,39,9,4,0,11
2022-09-30,1662.4000244140625,XAU,30,39,9,4,0,10
2022-10-01,1672.5666910807292,XAU,1,39,10,5,0,9
2022-10-02,1682.7333577473958,XAU,2,39,10,5,0,8
2022-10-03,1692.9000244140625,XAU,3,40,10,5,0,7
2022-10-04,1721.0999755859375,XAU,4,40,10,5,0,6
2022-10-05,1711.4000244140625,XAU,5,40,10,5,0,5
2022-10-06,1711.699951171875,XAU,6,40,10,5,0,4
2022-10-07,1700.5,XAU,7,40,10,5,0,3
2022-10-08,1689.433349609375,XAU,8,40,10,5,0,2
2022-10-09,1678.36669921875,XAU,9,40,10,5,0,1
2022-10-10,1667.300048828125,XAU,10,41,10,5,1,32
2022-10-11,1678.699951171875,XAU,11,41,10,5,0,31
2022-10-12,1670.300048828125,XAU,12,41,10,5,0,30
2022-10-13,1670.0,XAU,13,41,10,5,0,29
2022-10-14,1641.699951171875,XAU,14,41,10,5,0,28
2022-10-15,1646.7999674479167,XAU,15,41,10,5,0,27
2022-10-16,1651.8999837239583,XAU,16,41,10,5,0,26
2022-10-17,1657.0,XAU,17,42,10,5,0,25
2022-10-18,1649.0,XAU,18,42,10,5,0,24
2022-10-19,1627.5,XAU,19,42,10,5,0,23
2022-10-20,1630.800048828125,XAU,20,42,10,5,0,22
2022-10-21,1651.0,XAU,21,42,10,5,0,21
2022-10-22,1650.2333170572917,XAU,22,42,10,5,0,20
2022-10-23,1649.4666341145833,XAU,23,42,10,5,0,19
2022-10-24,1648.699951171875,XAU,24,43,10,5,0,18
2022-10-25,1652.800048828125,XAU,25,43,10,5,0,17
2022-10-26,1664.0,XAU,26,43,10,5,0,16
2022-10-27,1660.699951171875,XAU,27,43,10,5,0,15
2022-10-28,1639.5999755859375,XAU,28,43,10,5,0,14
2022-10-29,1638.3666585286458,XAU,29,43,10,5,0,13
2022-10-30,1637.1333414713542,XAU,30,43,10,5,0,12
2022-10-31,1635.9000244140625,XAU,31,44,10,5,0,11
2022-11-01,1645.0,XAU,1,44,11,6,0,10
2022-11-02,1645.699951171875,XAU,2,44,11,6,0,9
2022-11-03,1627.300048828125,XAU,3,44,11,6,0,8
2022-11-04,1672.5,XAU,4,44,11,6,0,7
2022-11-05,1673.8333333333333,XAU,5,44,11,6,0,6
2022-11-06,1675.1666666666667,XAU,6,44,11,6,0,5
2022-11-07,1676.5,XAU,7,45,11,6,0,4
2022-11-08,1712.0999755859375,XAU,8,45,11,6,0,3
2022-11-09,1710.0999755859375,XAU,9,45,11,6,0,2
2022-11-10,1750.300048828125,XAU,10,45,11,6,0,1
2022-11-11,1766.0,XAU,11,45,11,6,1,13
2022-11-12,1768.5333251953125,XAU,12,45,11,6,0,12
2022-11-13,1771.066650390625,XAU,13,45,11,6,0,11
2022-11-14,1773.5999755859375,XAU,14,46,11,6,0,10
2022-11-15,1773.800048828125,XAU,15,46,11,6,0,9
2022-11-16,1773.0,XAU,16,46,11,6,0,8
2022-11-17,1760.800048828125,XAU,17,46,11,6,0,7
2022-11-18,1751.9000244140625,XAU,18,46,11,6,0,6
2022-11-19,1747.0666910807292,XAU,19,46,11,6,0,5
2022-11-20,1742.2333577473958,XAU,20,46,11,6,0,4
2022-11-21,1737.4000244140625,XAU,21,47,11,6,0,3
2022-11-22,1738.300048828125,XAU,22,47,11,6,0,2
2022-11-23,1744.9000244140625,XAU,23,47,11,6,0,1
2022-11-24,1749.1000366210938,XAU,24,47,11,6,1,32
2022-11-25,1753.300048828125,XAU,25,47,11,6,0,31
2022-11-26,1748.9000244140625,XAU,26,47,11,6,0,30
2022-11-27,1744.5,XAU,27,47,11,6,0,29
2022-11-28,1740.0999755859375,XAU,28,48,11,6,0,28
2022-11-29,1748.4000244140625,XAU,29,48,11,6,0,27
2022-11-30,1746.0,XAU,30,48,11,6,0,26
2022-12-01,1801.0999755859375,XAU,1,48,12,7,0,25
2022-12-02,1795.9000244140625,XAU,2,48,12,7,0,24
2022-12-03,1786.4000244140625,XAU,3,48,12,7,0,23
2022-12-04,1776.9000244140625,XAU,4,48,12,7,0,22
2022-12-05,1767.4000244140625,XAU,5,49,12,7,0,21
2022-12-06,1769.300048828125,XAU,6,49,12,7,0,20
2022-12-07,1785.5,XAU,7,49,12,7,0,19
2022-12-08,1788.699951171875,XAU,8,49,12,7,0,18
2022-12-09,1798.0999755859375,XAU,9,49,12,7,0,17
2022-12-10,1792.2333170572917,XAU,10,49,12,7,0,16
2022-12-11,1786.3666585286458,XAU,11,49,12,7,0,15
2022-12-12,1780.5,XAU,12,50,12,7,0,14
2022-12-13,1813.9000244140625,XAU,13,50,12,7,0,13
2022-12-14,1807.5,XAU,14,50,12,7,0,12
2022-12-15,1777.199951171875,XAU,15,50,12,7,0,11
2022-12-16,1790.0,XAU,16,50,12,7,0,10
2022-12-17,1789.2333170572917,XAU,17,50,12,7,0,9
2022-12-18,1788.4666341145833,XAU,18,50,12,7,0,8
2022-12-19,1787.699951171875,XAU,19,51,12,7,0,7
2022-12-20,1815.9000244140625,XAU,20,51,12,7,0,6
2022-12-21,1815.9000244140625,XAU,21,51,12,7,0,5
2022-12-22,1787.0,XAU,22,51,12,7,0,4
2022-12-23,1795.9000244140625,XAU,23,51,12,7,0,3
2022-12-24,1800.6250305175781,XAU,24,51,12,7,0,2
2022-12-25,1805.3500366210938,XAU,25,51,12,7,0,1
2022-12-26,1810.0750427246094,XAU,26,52,12,7,1,7
2022-12-27,1814.800048828125,XAU,27,52,12,7,0,6
2022-12-28,1807.9000244140625,XAU,28,52,12,7,0,5
2022-12-29,1819.5,XAU,29,52,12,7,0,4
2022-12-30,1819.699951171875,XAU,30,52,12,7,0,3
2022-12-31,1824.699951171875,XAU,31,52,12,7,0,2
2023-01-01,1829.699951171875,XAU,1,52,1,8,0,1
2023-01-02,1834.699951171875,XAU,2,1,1,8,1,14
2023-01-03,1839.699951171875,XAU,3,1,1,8,0,13
2023-01-04,1852.800048828125,XAU,4,1,1,8,0,12
2023-01-05,1834.800048828125,XAU,5,1,1,8,0,11
2023-01-06,1864.199951171875,XAU,6,1,1,8,0,10
2023-01-07,1867.0332845052083,XAU,7,1,1,8,0,9
2023-01-08,1869.8666178385417,XAU,8,1,1,8,0,8
2023-01-09,1872.699951171875,XAU,9,2,1,8,0,7
2023-01-10,1871.5999755859375,XAU,10,2,1,8,0,6
2023-01-11,1874.5999755859375,XAU,11,2,1,8,0,5
2023-01-12,1895.5,XAU,12,2,1,8,0,4
2023-01-13,1918.4000244140625,XAU,13,2,1,8,0,3
2023-01-14,1915.6000061035156,XAU,14,2,1,8,0,2
2023-01-15,1912.7999877929688,XAU,15,2,1,8,0,1
2023-01-16,1909.9999694824219,XAU,16,3,1,8,1,35
2023-01-17,1907.199951171875,XAU,17,3,1,8,0,34
2023-01-18,1904.4000244140625,XAU,18,3,1,8,0,33
2023-01-19,1922.0999755859375,XAU,19,3,1,8,0,32
2023-01-20,1926.4000244140625,XAU,20,3,1,8,0,31
2023-01-21,1926.6333414713542,XAU,21,3,1,8,0,30
2023-01-22,1926.8666585286458,XAU,22,3,1,8,0,29
2023-01-23,1927.0999755859375,XAU,23,4,1,8,0,28
2023-01-24,1933.9000244140625,XAU,24,4,1,8,0,27
2023-01-25,1941.199951171875,XAU,25,4,1,8,0,26
2023-01-26,1929.0999755859375,XAU,26,4,1,8,0,25
2023-01-27,1928.5999755859375,XAU,27,4,1,8,0,24
2023-01-28,1926.6999918619792,XAU,28,4,1,8,0,23
2023-01-29,1924.8000081380208,XAU,29,4,1,8,0,22
2023-01-30,1922.9000244140625,XAU,30,5,1,8,0,21
2023-01-31,1929.5,XAU,31,5,1,8,0,20
2023-02-01,1927.800048828125,XAU,1,5,2,9,0,19
2023-02-02,1916.300048828125,XAU,2,5,2,9,0,18
2023-02-03,1862.9000244140625,XAU,3,5,2,9,0,17
2023-02-04,1864.0,XAU,4,5,2,9,0,16
2023-02-05,1865.0999755859375,XAU,5,5,2,9,0,15
2023-02-06,1866.199951171875,XAU,6,6,2,9,0,14
2023-02-07,1871.699951171875,XAU,7,6,2,9,0,13
2023-02-08,1877.4000244140625,XAU,8,6,2,9,0,12
2023-02-09,1866.199951171875,XAU,9,6,2,9,0,11
2023-02-10,1862.800048828125,XAU,10,6,2,9,0,10
2023-02-11,1859.1667073567708,XAU,11,6,2,9,0,9
2023-02-12,1855.5333658854167,XAU,12,6,2,9,0,8
2023-02-13,1851.9000244140625,XAU,13,7,2,9,0,7
2023-02-14,1854.0,XAU,14,7,2,9,0,6
2023-02-15,1834.199951171875,XAU,15,7,2,9,0,5
2023-02-16,1842.0,XAU,16,7,2,9,0,4
2023-02-17,1840.4000244140625,XAU,17,7,2,9,0,3
2023-02-18,1838.5500183105469,XAU,18,7,2,9,0,2
2023-02-19,1836.7000122070312,XAU,19,7,2,9,0,1
2023-02-20,1834.8500061035156,XAU,20,8,2,9,1,98
2023-02-21,1833.0,XAU,21,8,2,9,0,97
2023-02-22,1832.0,XAU,22,8,2,9,0,96
2023-02-23,1818.0,XAU,23,8,2,9,0,95
2023-02-24,1808.800048828125,XAU,24,8,2,9,0,94
2023-02-25,1811.5333658854167,XAU,25,8,2,9,0,93
2023-02-26,1814.2666829427083,XAU,26,8,2,9,0,92
2023-02-27,1817.0,XAU,27,9,2,9,0,91
2023-02-28,1828.9000244140625,XAU,28,9,2,9,0,90
2023-03-01,1837.699951171875,XAU,1,9,3,10,0,89
2023-03-02,1833.5,XAU,2,9,3,10,0,88
2023-03-03,1847.699951171875,XAU,3,9,3,10,0,87
2023-03-04,1847.7666422526042,XAU,4,9,3,10,0,86
2023-03-05,1847.8333333333333,XAU,5,9,3,10,0,85
2023-03-06,1847.9000244140625,XAU,6,10,3,10,0,84
2023-03-07,1813.9000244140625,XAU,7,10,3,10,0,83
2023-03-08,1812.699951171875,XAU,8,10,3,10,0,82
2023-03-09,1829.300048828125,XAU,9,10,3,10,0,81
2023-03-10,1862.0,XAU,10,10,3,10,0,80
2023-03-11,1878.566650390625,XAU,11,10,3,10,0,79
2023-03-12,1895.13330078125,XAU,12,10,3,10,0,78
2023-03-13,1911.699951171875,XAU,13,11,3,10,0,77
2023-03-14,1906.199951171875,XAU,14,11,3,10,0,76
2023-03-15,1926.5999755859375,XAU,15,11,3,10,0,75
2023-03-16,1919.0,XAU,16,11,3,10,0,74
2023-03-17,1969.800048828125,XAU,17,11,3,10,0,73
2023-03-18,1972.933349609375,XAU,18,11,3,10,0,72
2023-03-19,1976.066650390625,XAU,19,11,3,10,0,71
2023-03-20,1979.199951171875,XAU,20,12,3,10,0,70
2023-03-21,1938.0,XAU,21,12,3,10,0,69
2023-03-22,1946.800048828125,XAU,22,12,3,10,0,68
2023-03-23,1993.800048828125,XAU,23,12,3,10,0,67
2023-03-24,1982.0999755859375,XAU,24,12,3,10,0,66
2023-03-25,1972.1999918619792,XAU,25,12,3,10,0,65
2023-03-26,1962.3000081380208,XAU,26,12,3,10,0,64
2023-03-27,1952.4000244140625,XAU,27,13,3,10,0,63
2023-03-28,1972.4000244140625,XAU,28,13,3,10,0,62
2023-03-29,1966.0999755859375,XAU,29,13,3,10,0,61
2023-03-30,1980.300048828125,XAU,30,13,3,10,0,60
2023-03-31,1969.0,XAU,31,13,3,10,0,59
2023-04-01,1973.9666748046875,XAU,1,13,4,11,0,58
2023-04-02,1978.933349609375,XAU,2,13,4,11,0,57
2023-04-03,1983.9000244140625,XAU,3,14,4,11,0,56
2023-04-04,2022.199951171875,XAU,4,14,4,11,0,55
2023-04-05,2020.9000244140625,XAU,5,14,4,11,0,54
2023-04-06,2011.9000244140625,XAU,6,14,4,11,0,53
2023-04-07,2006.2000122070312,XAU,7,14,4,11,0,52
2023-04-08,2000.5,XAU,8,14,4,11,0,51
2023-04-09,1994.7999877929688,XAU,9,14,4,11,0,50
2023-04-10,1989.0999755859375,XAU,10,15,4,11,0,49
2023-04-11,2004.800048828125,XAU,11,15,4,11,0,48
2023-04-12,2010.9000244140625,XAU,12,15,4,11,0,47
2023-04-13,2041.300048828125,XAU,13,15,4,11,0,46
2023-04-14,2002.199951171875,XAU,14,15,4,11,0,45
2023-04-15,1999.5332845052083,XAU,15,15,4,11,0,44
2023-04-16,1996.8666178385417,XAU,16,15,4,11,0,43
2023-04-17,1994.199951171875,XAU,17,16,4,11,0,42
2023-04-18,2007.4000244140625,XAU,18,16,4,11,0,41
2023-04-19,1995.199951171875,XAU,19,16,4,11,0,40
2023-04-20,2007.5999755859375,XAU,20,16,4,11,0,39
2023-04-21,1979.5,XAU,21,16,4,11,0,38
2023-04-22,1982.6999918619792,XAU,22,16,4,11,0,37
2023-04-23,1985.8999837239583,XAU,23,16,4,11,0,36
2023-04-24,1989.0999755859375,XAU,24,17,4,11,0,35
2023-04-25,1994.0,XAU,25,17,4,11,0,34
2023-04-26,1985.699951171875,XAU,26,17,4,11,0,33
2023-04-27,1989.9000244140625,XAU,27,17,4,11,0,32
2023-04-28,1990.0999755859375,XAU,28,17,4,11,0,31
2023-04-29,1987.8666585286458,XAU,29,17,4,11,0,30
2023-04-30,1985.6333414713542,XAU,30,17,4,11,0,29
2023-05-01,1983.4000244140625,XAU,1,18,5,12,0,28
2023-05-02,2014.300048828125,XAU,2,18,5,12,0,27
2023-05-03,2028.5999755859375,XAU,3,18,5,12,0,26
2023-05-04,2048.0,XAU,4,18,5,12,0,25
2023-05-05,2017.4000244140625,XAU,5,18,5,12,0,24
2023-05-06,2020.36669921875,XAU,6,18,5,12,0,23
2023-05-07,2023.3333740234375,XAU,7,18,5,12,0,22
2023-05-08,2026.300048828125,XAU,8,19,5,12,0,21
2023-05-09,2036.199951171875,XAU,9,19,5,12,0,20
2023-05-10,2030.5,XAU,10,19,5,12,0,19
2023-05-11,2014.699951171875,XAU,11,19,5,12,0,18
2023-05-12,2014.5,XAU,12,19,5,12,0,17
2023-05-13,2015.6666666666667,XAU,13,19,5,12,0,16
2023-05-14,2016.8333333333333,XAU,14,19,5,12,0,15
2023-05-15,2018.0,XAU,15,20,5,12,0,14
2023-05-16,1988.4000244140625,XAU,16,20,5,12,0,13
2023-05-17,1980.699951171875,XAU,17,20,5,12,0,12
2023-05-18,1956.5,XAU,18,20,5,12,0,11
2023-05-19,1978.699951171875,XAU,19,20,5,12,0,10
2023-05-20,1977.3999837239583,XAU,20,20,5,12,0,9
2023-05-21,1976.1000162760417,XAU,21,20,5,12,0,8
2023-05-22,1974.800048828125,XAU,22,21,5,12,0,7
2023-05-23,1972.4000244140625,XAU,23,21,5,12,0,6
2023-05-24,1962.800048828125,XAU,24,21,5,12,0,5
2023-05-25,1943.0999755859375,XAU,25,21,5,12,0,4
2023-05-26,1944.0999755859375,XAU,26,21,5,12,0,3
2023-05-27,1947.5749816894531,XAU,27,21,5,12,0,2
2023-05-28,1951.0499877929688,XAU,28,21,5,12,0,1
2023-05-29,1954.5249938964844,XAU,29,22,5,12,1,21
2023-05-30,1958.0,XAU,30,22,5,12,0,20
2023-05-31,1963.9000244140625,XAU,31,22,5,12,0,19
2023-06-01,1978.0,XAU,1,22,6,13,0,18
2023-06-02,1952.4000244140625,XAU,2,22,6,13,0,17
2023-06-03,1954.2666829427083,XAU,3,22,6,13,0,16
2023-06-04,1956.1333414713542,XAU,4,22,6,13,0,15
2023-06-05,1958.0,XAU,5,23,6,13,0,14
2023-06-06,1965.5,XAU,6,23,6,13,0,13
2023-06-07,1942.699951171875,XAU,7,23,6,13,0,12
2023-06-08,1963.5999755859375,XAU,8,23,6,13,0,11
2023-06-09,1962.199951171875,XAU,9,23,6,13,0,10
2023-06-10,1959.8999837239583,XAU,10,23,6,13,0,9
2023-06-11,1957.6000162760417,XAU,11,23,6,13,0,8
2023-06-12,1955.300048828125,XAU,12,24,6,13,0,7
2023-06-13,1944.5999755859375,XAU,13,24,6,13,0,6
2023-06-14,1955.300048828125,XAU,14,24,6,13,0,5
2023-06-15,1957.800048828125,XAU,15,24,6,13,0,4
2023-06-16,1958.4000244140625,XAU,16,24,6,13,0,3
2023-06-17,1952.6750183105469,XAU,17,24,6,13,0,2
2023-06-18,1946.9500122070312,XAU,18,24,6,13,0,1
2023-06-19,1941.2250061035156,XAU,19,25,6,13,1,15
2023-06-20,1935.5,XAU,20,25,6,13,0,14
2023-06-21,1933.300048828125,XAU,21,25,6,13,0,13
2023-06-22,1912.699951171875,XAU,22,25,6,13,0,12
2023-06-23,1919.0999755859375,XAU,23,25,6,13,0,11
2023-06-24,1920.63330078125,XAU,24,25,6,13,0,10
2023-06-25,1922.1666259765625,XAU,25,25,6,13,0,9
2023-06-26,1923.699951171875,XAU,26,26,6,13,0,8
2023-06-27,1914.0,XAU,27,26,6,13,0,7
2023-06-28,1912.300048828125,XAU,28,26,6,13,0,6
2023-06-29,1909.199951171875,XAU,29,26,6,13,0,5
2023-06-30,1921.0999755859375,XAU,30,26,6,13,0,4
2023-07-01,1921.2999674479167,XAU,1,26,7,14,0,3
2023-07-02,1921.4999593098958,XAU,2,26,7,14,0,2
2023-07-03,1921.699951171875,XAU,3,27,7,14,0,1
2023-07-04,1920.6499633789062,XAU,4,27,7,14,1,62
2023-07-05,1919.5999755859375,XAU,5,27,7,14,0,61
2023-07-06,1908.699951171875,XAU,6,27,7,14,0,60
2023-07-07,1926.199951171875,XAU,7,27,7,14,0,59
2023-07-08,1925.7999674479167,XAU,8,27,7,14,0,58
2023-07-09,1925.3999837239583,XAU,9,27,7,14,0,57
2023-07-10,1925.0,XAU,10,28,7,14,0,56
2023-07-11,1931.300048828125,XAU,11,28,7,14,0,55
2023-07-12,1956.199951171875,XAU,12,28,7,14,0,54
2023-07-13,1959.199951171875,XAU,13,28,7,14,0,53
2023-07-14,1960.0999755859375,XAU,14,28,7,14,0,52
2023-07-15,1957.5333251953125,XAU,15,28,7,14,0,51
2023-07-16,1954.9666748046875,XAU,16,28,7,14,0,50
2023-07-17,1952.4000244140625,XAU,17,29,7,14,0,49
2023-07-18,1977.199951171875,XAU,18,29,7,14,0,48
2023-07-19,1977.5,XAU,19,29,7,14,0,47
2023-07-20,1968.300048828125,XAU,20,29,7,14,0,46
2023-07-21,1964.300048828125,XAU,21,29,7,14,0,45
2023-07-22,1962.9667154947917,XAU,22,29,7,14,0,44
2023-07-23,1961.6333821614583,XAU,23,29,7,14,0,43
2023-07-24,1960.300048828125,XAU,24,30,7,14,0,42
2023-07-25,1962.0999755859375,XAU,25,30,7,14,0,41
2023-07-26,1968.9000244140625,XAU,26,30,7,14,0,40
2023-07-27,1945.4000244140625,XAU,27,30,7,14,0,39
2023-07-28,1960.4000244140625,XAU,28,30,7,14,0,38
2023-07-29,1963.7666829427083,XAU,29,30,7,14,0,37
2023-07-30,1967.1333414713542,XAU,30,30,7,14,0,36
2023-07-31,1970.5,XAU,31,31,7,14,0,35
2023-08-01,1940.699951171875,XAU,1,31,8,15,0,34
2023-08-02,1937.4000244140625,XAU,2,31,8,15,0,33
2023-08-03,1932.0,XAU,3,31,8,15,0,32
2023-08-04,1939.5999755859375,XAU,4,31,8,15,0,31
2023-08-05,1937.566650390625,XAU,5,31,8,15,0,30
2023-08-06,1935.5333251953125,XAU,6,31,8,15,0,29
2023-08-07,1933.5,XAU,7,32,8,15,0,28
2023-08-08,1924.0999755859375,XAU,8,32,8,15,0,27
2023-08-09,1915.4000244140625,XAU,9,32,8,15,0,26
2023-08-10,1914.4000244140625,XAU,10,32,8,15,0,25
2023-08-11,1912.9000244140625,XAU,11,32,8,15,0,24
2023-08-12,1912.1333414713542,XAU,12,32,8,15,0,23
2023-08-13,1911.3666585286458,XAU,13,32,8,15,0,22
2023-08-14,1910.5999755859375,XAU,14,33,8,15,0,21
2023-08-15,1902.5,XAU,15,33,8,15,0,20
2023-08-16,1896.0999755859375,XAU,16,33,8,15,0,19
2023-08-17,1884.0999755859375,XAU,17,33,8,15,0,18
2023-08-18,1886.0999755859375,XAU,18,33,8,15,0,17
2023-08-19,1888.5,XAU,19,33,8,15,0,16
2023-08-20,1890.9000244140625,XAU,20,33,8,15,0,15
2023-08-21,1893.300048828125,XAU,21,34,8,15,0,14
2023-08-22,1896.4000244140625,XAU,22,34,8,15,0,13
2023-08-23,1918.5,XAU,23,34,8,15,0,12
2023-08-24,1918.199951171875,XAU,24,34,8,15,0,11
2023-08-25,1911.0999755859375,XAU,25,34,8,15,0,10
2023-08-26,1913.3666585286458,XAU,26,34,8,15,0,9
2023-08-27,1915.6333414713542,XAU,27,34,8,15,0,8
2023-08-28,1917.9000244140625,XAU,28,35,8,15,0,7
2023-08-29,1936.5,XAU,29,35,8,15,0,6
2023-08-30,1944.300048828125,XAU,30,35,8,15,0,5
2023-08-31,1938.199951171875,XAU,31,35,8,15,0,4
2023-09-01,1939.800048828125,XAU,1,35,9,16,0,3
2023-09-02,1936.4000244140625,XAU,2,35,9,16,0,2
2023-09-03,1933.0,XAU,3,35,9,16,0,1
2023-09-04,1929.5999755859375,XAU,4,36,9,16,1,35
2023-09-05,1926.199951171875,XAU,5,36,9,16,0,34
2023-09-06,1918.0999755859375,XAU,6,36,9,16,0,33
2023-09-07,1917.5,XAU,7,36,9,16,0,32
2023-09-08,1918.4000244140625,XAU,8,36,9,16,0,31
2023-09-09,1920.0333658854167,XAU,9,36,9,16,0,30
2023-09-10,1921.6667073567708,XAU,10,36,9,16,0,29
2023-09-11,1923.300048828125,XAU,11,37,9,16,0,28
2023-09-12,1911.300048828125,XAU,12,37,9,16,0,27
2023-09-13,1909.0999755859375,XAU,13,37,9,16,0,26
2023-09-14,1910.0,XAU,14,37,9,16,0,25
2023-09-15,1923.699951171875,XAU,15,37,9,16,0,24
2023-09-16,1926.2999674479167,XAU,16,37,9,16,0,23
2023-09-17,1928.8999837239583,XAU,17,37,9,16,0,22
2023-09-18,1931.5,XAU,18,38,9,16,0,21
2023-09-19,1932.0,XAU,19,38,9,16,0,20
2023-09-20,1945.5999755859375,XAU,20,38,9,16,0,19
2023-09-21,1919.199951171875,XAU,21,38,9,16,0,18
2023-09-22,1925.4000244140625,XAU,22,38,9,16,0,17
2023-09-23,1922.4666748046875,XAU,23,38,9,16,0,16
2023-09-24,1919.5333251953125,XAU,24,38,9,16,0,15
2023-09-25,1916.5999755859375,XAU,25,39,9,16,0,14
2023-09-26,1900.4000244140625,XAU,26,39,9,16,0,13
2023-09-27,1871.5999755859375,XAU,27,39,9,16,0,12
2023-09-28,1860.4000244140625,XAU,28,39,9,16,0,11
2023-09-29,1848.0999755859375,XAU,29,39,9,16,0,10
2023-09-30,1842.066650390625,XAU,30,39,9,16,0,9
2023-10-01,1836.0333251953125,XAU,1,39,10,17,0,8
2023-10-02,1830.0,XAU,2,40,10,17,0,7
2023-10-03,1824.5999755859375,XAU,3,40,10,17,0,6
2023-10-04,1818.5,XAU,4,40,10,17,0,5
2023-10-05,1816.5999755859375,XAU,5,40,10,17,0,4
2023-10-06,1830.199951171875,XAU,6,40,10,17,0,3
2023-10-07,1836.63330078125,XAU,7,40,10,17,0,2
2023-10-08,1843.066650390625,XAU,8,40,10,17,0,1
2023-10-09,1849.5,XAU,9,41,10,17,1,32
2023-10-10,1861.0,XAU,10,41,10,17,0,31
2023-10-11,1872.800048828125,XAU,11,41,10,17,0,30
2023-10-12,1869.300048828125,XAU,12,41,10,17,0,29
2023-10-13,1927.4000244140625,XAU,13,41,10,17,0,28
2023-10-14,1925.3000081380208,XAU,14,41,10,17,0,27
2023-10-15,1923.1999918619792,XAU,15,41,10,17,0,26
2023-10-16,1921.0999755859375,XAU,16,42,10,17,0,25
2023-10-17,1922.699951171875,XAU,17,42,10,17,0,24
2023-10-18,1955.300048828125,XAU,18,42,10,17,0,23
2023-10-19,1968.4000244140625,XAU,19,42,10,17,0,22
2023-10-20,1982.5,XAU,20,42,10,17,0,21
2023-10-21,1980.433349609375,XAU,21,42,10,17,0,20
2023-10-22,1978.36669921875,XAU,22,42,10,17,0,19
2023-10-23,1976.300048828125,XAU,23,43,10,17,0,18
2023-10-24,1975.0,XAU,24,43,10,17,0,17
2023-10-25,1984.0999755859375,XAU,25,43,10,17,0,16
2023-10-26,1987.199951171875,XAU,26,43,10,17,0,15
2023-10-27,1988.5999755859375,XAU,27,43,10,17,0,14
2023-10-28,1991.13330078125,XAU,28,43,10,17,0,13
2023-10-29,1993.6666259765625,XAU,29,43,10,17,0,12
2023-10-30,1996.199951171875,XAU,30,44,10,17,0,11
2023-10-31,1985.199951171875,XAU,31,44,10,17,0,10
2023-11-01,1978.800048828125,XAU,1,44,11,18,0,9
2023-11-02,1985.5999755859375,XAU,2,44,11,18,0,8
2023-11-03,1991.5,XAU,3,44,11,18,0,7
2023-11-04,1988.1999918619792,XAU,4,44,11,18,0,6
2023-11-05,1984.8999837239583,XAU,5,44,11,18,0,5
2023-11-06,1981.5999755859375,XAU,6,45,11,18,0,4
2023-11-07,1966.800048828125,XAU,7,45,11,18,0,3
2023-11-08,1951.5,XAU,8,45,11,18,0,2
2023-11-09,1964.199951171875,XAU,9,45,11,18,0,1
2023-11-10,1932.5999755859375,XAU,10,45,11,18,1,13
2023-11-11,1936.8999837239583,XAU,11,45,11,18,0,12
2023-11-12,1941.1999918619792,XAU,12,45,11,18,0,11
2023-11-13,1945.5,XAU,13,46,11,18,0,10
2023-11-14,1961.800048828125,XAU,14,46,11,18,0,9
2023-11-15,1960.0999755859375,XAU,15,46,11,18,0,8
2023-11-16,1983.9000244140625,XAU,16,46,11,18,0,7
2023-11-17,1981.5999755859375,XAU,17,46,11,18,0,6
2023-11-18,1980.2999674479167,XAU,18,46,11,18,0,5
2023-11-19,1978.9999593098958,XAU,19,46,11,18,0,4
2023-11-20,1977.699951171875,XAU,20,47,11,18,0,3
2023-11-21,1999.300048828125,XAU,21,47,11,18,0,2
2023-11-22,1991.4000244140625,XAU,22,47,11,18,0,1
2023-11-23,1996.7999877929688,XAU,23,47,11,18,1,32
2023-11-24,2002.199951171875,XAU,24,47,11,18,0,31
2023-11-25,2005.3999837239583,XAU,25,47,11,18,0,30
2023-11-26,2008.6000162760417,XAU,26,47,11,18,0,29
2023-11-27,2011.800048828125,XAU,27,48,11,18,0,28
2023-11-28,2039.699951171875,XAU,28,48,11,18,0,27
2023-11-29,2047.0999755859375,XAU,29,48,11,18,0,26
2023-11-30,2038.0999755859375,XAU,30,48,11,18,0,25
2023-12-01,2071.0,XAU,1,48,12,19,0,24
2023-12-02,2055.366658528646,XAU,2,48,12,19,0,23
2023-12-03,2039.7333170572917,XAU,3,48,12,19,0,22
2023-12-04,2024.0999755859375,XAU,4,49,12,19,0,21
2023-12-05,2018.5,XAU,5,49,12,19,0,20
2023-12-06,2030.5,XAU,6,49,12,19,0,19
2023-12-07,2029.9000244140625,XAU,7,49,12,19,0,18
2023-12-08,1998.300048828125,XAU,8,49,12,19,0,17
2023-12-09,1991.5333658854167,XAU,9,49,12,19,0,16
2023-12-10,1984.7666829427083,XAU,10,49,12,19,0,15
2023-12-11,1978.0,XAU,11,50,12,19,0,14
2023-12-12,1977.800048828125,XAU,12,50,12,19,0,13
2023-12-13,1982.300048828125,XAU,13,50,12,19,0,12
2023-12-14,2030.199951171875,XAU,14,50,12,19,0,11
2023-12-15,2021.0999755859375,XAU,15,50,12,19,0,10
2023-12-16,2022.8333333333333,XAU,16,50,12,19,0,9
2023-12-17,2024.5666910807292,XAU,17,50,12,19,0,8
2023-12-18,2026.300048828125,XAU,18,51,12,19,0,7
2023-12-19,2038.4000244140625,XAU,19,51,12,19,0,6
2023-12-20,2034.5,XAU,20,51,12,19,0,5
2023-12-21,2039.0999755859375,XAU,21,51,12,19,0,4
2023-12-22,2057.10009765625,XAU,22,51,12,19,0,3
2023-12-23,2057.3750610351562,XAU,23,51,12,19,0,2
2023-12-24,2057.6500244140625,XAU,24,51,12,19,0,1
2023-12-25,2057.9249877929688,XAU,25,52,12,19,1,7
2023-12-26,2058.199951171875,XAU,26,52,12,19,0,6
2023-12-27,2081.89990234375,XAU,27,52,12,19,0,5
2023-12-28,2073.89990234375,XAU,28,52,12,19,0,4
2023-12-29,2062.39990234375,XAU,29,52,12,19,0,3
2023-12-30,2062.89990234375,XAU,30,52,12,19,0,2
2023-12-31,2063.39990234375,XAU,31,52,12,19,0,1
2024-01-01,2063.89990234375,XAU,1,1,1,20,1,14
2024-01-02,2064.39990234375,XAU,2,1,1,20,0,13
2024-01-03,2034.199951171875,XAU,3,1,1,20,0,12
2024-01-04,2042.300048828125,XAU,4,1,1,20,0,11
2024-01-05,2042.4000244140625,XAU,5,1,1,20,0,10
2024-01-06,2037.1333414713542,XAU,6,1,1,20,0,9
2024-01-07,2031.8666585286458,XAU,7,1,1,20,0,8
2024-01-08,2026.5999755859375,XAU,8,2,1,20,0,7
2024-01-09,2026.4000244140625,XAU,9,2,1,20,0,6
2024-01-10,2021.699951171875,XAU,10,2,1,20,0,5
2024-01-11,2014.300048828125,XAU,11,2,1,20,0,4
2024-01-12,2046.699951171875,XAU,12,2,1,20,0,3
2024-01-13,2041.5249633789062,XAU,13,2,1,20,0,2
2024-01-14,2036.3499755859375,XAU,14,2,1,20,0,1
2024-01-15,2031.1749877929688,XAU,15,3,1,20,1,35
2024-01-16,2026.0,XAU,16,3,1,20,0,34
2024-01-17,2002.5999755859375,XAU,17,3,1,20,0,33
2024-01-18,2018.5999755859375,XAU,18,3,1,20,0,32
2024-01-19,2026.5,XAU,19,3,1,20,0,31
2024-01-20,2024.2666829427083,XAU,20,3,1,20,0,30
2024-01-21,2022.0333658854167,XAU,21,3,1,20,0,29
2024-01-22,2019.800048828125,XAU,22,4,1,20,0,28
2024-01-23,2023.699951171875,XAU,23,4,1,20,0,27
2024-01-24,2013.9000244140625,XAU,24,4,1,20,0,26
2024-01-25,2016.9000244140625,XAU,25,4,1,20,0,25
2024-01-26,2016.800048828125,XAU,26,4,1,20,0,24
2024-01-27,2019.6000162760417,XAU,27,4,1,20,0,23
2024-01-28,2022.3999837239583,XAU,28,4,1,20,0,22
2024-01-29,2025.199951171875,XAU,29,5,1,20,0,21
2024-01-30,2031.5,XAU,30,5,1,20,0,20
2024-01-31,2048.39990234375,XAU,31,5,1,20,0,19
2024-02-01,2053.0,XAU,1,5,2,21,0,18
2024-02-02,2036.0999755859375,XAU,2,5,2,21,0,17
2024-02-03,2032.63330078125,XAU,3,5,2,21,0,16
2024-02-04,2029.1666259765625,XAU,4,5,2,21,0,15
2024-02-05,2025.699951171875,XAU,5,6,2,21,0,14
2024-02-06,2034.5,XAU,6,6,2,21,0,13
2024-02-07,2035.199951171875,XAU,7,6,2,21,0,12
2024-02-08,2032.199951171875,XAU,8,6,2,21,0,11
2024-02-09,2023.300048828125,XAU,9,6,2,21,0,10
2024-02-10,2021.6000162760417,XAU,10,6,2,21,0,9
2024-02-11,2019.8999837239583,XAU,11,6,2,21,0,8
2024-02-12,2018.199951171875,XAU,12,7,2,21,0,7
2024-02-13,1992.9000244140625,XAU,13,7,2,21,0,6
2024-02-14,1990.300048828125,XAU,14,7,2,21,0,5
2024-02-15,2002.0999755859375,XAU,15,7,2,21,0,4
2024-02-16,2011.5,XAU,16,7,2,21,0,3
2024-02-17,2015.5,XAU,17,7,2,21,0,2
2024-02-18,2019.5,XAU,18,7,2,21,0,1
2024-02-19,2023.5,XAU,19,8,2,21,1,98
2024-02-20,2027.5,XAU,20,8,2,21,0,97
2024-02-21,2022.300048828125,XAU,21,8,2,21,0,96
2024-02-22,2019.699951171875,XAU,22,8,2,21,0,95
2024-02-23,2038.5999755859375,XAU,23,8,2,21,0,94
2024-02-24,2035.2333170572917,XAU,24,8,2,21,0,93
2024-02-25,2031.8666585286458,XAU,25,8,2,21,0,92
2024-02-26,2028.5,XAU,26,9,2,21,0,91
2024-02-27,2034.0,XAU,27,9,2,21,0,90
2024-02-28,2033.0,XAU,28,9,2,21,0,89
2024-02-29,2045.699951171875,XAU,29,9,2,21,0,88
2024-03-01,2086.89990234375,XAU,1,9,3,22,0,87
2024-03-02,2097.1665852864585,XAU,2,9,3,22,0,86
2024-03-03,2107.4332682291665,XAU,3,9,3,22,0,85
2024-03-04,2117.699951171875,XAU,4,10,3,22,0,84
2024-03-05,2133.5,XAU,5,10,3,22,0,83
2024-03-06,2150.300048828125,XAU,6,10,3,22,0,82
2024-03-07,2158.0,XAU,7,10,3,22,0,81
2024-03-08,2178.60009765625,XAU,8,10,3,22,0,80
2024-03-09,2179.9000651041665,XAU,9,10,3,22,0,79
2024-03-10,2181.2000325520835,XAU,10,10,3,22,0,78
2024-03-11,2182.5,XAU,11,11,3,22,0,77
2024-03-12,2160.39990234375,XAU,12,11,3,22,0,76
2024-03-13,2175.39990234375,XAU,13,11,3,22,0,75
2024-03-14,2163.0,XAU,14,11,3,22,0,74
2024-03-15,2157.300048828125,XAU,15,11,3,22,0,73
2024-03-16,2158.433349609375,XAU,16,11,3,22,0,72
2024-03-17,2159.566650390625,XAU,17,11,3,22,0,71
2024-03-18,2160.699951171875,XAU,18,12,3,22,0,70
2024-03-19,2156.300048828125,XAU,19,12,3,22,0,69
2024-03-20,2157.89990234375,XAU,20,12,3,22,0,68
2024-03-21,2182.39990234375,XAU,21,12,3,22,0,67
2024-03-22,2158.10009765625,XAU,22,12,3,22,0,66
2024-03-23,2163.666748046875,XAU,23,12,3,22,0,65
2024-03-24,2169.2333984375,XAU,24,12,3,22,0,64
2024-03-25,2174.800048828125,XAU,25,13,3,22,0,63
2024-03-26,2175.60009765625,XAU,26,13,3,22,0,62
2024-03-27,2190.60009765625,XAU,27,13,3,22,0,61
2024-03-28,2217.39990234375,XAU,28,13,3,22,0,60
2024-03-29,2222.1749267578125,XAU,29,13,3,22,0,59
2024-03-30,2226.949951171875,XAU,30,13,3,22,0,58
2024-03-31,2231.7249755859375,XAU,31,13,3,22,0,57
2024-04-01,2236.5,XAU,1,14,4,23,0,56
2024-04-02,2261.0,XAU,2,14,4,23,0,55
2024-04-03,2294.39990234375,XAU,3,14,4,23,0,54
2024-04-04,2288.800048828125,XAU,4,14,4,23,0,53
2024-04-05,2325.699951171875,XAU,5,14,4,23,0,52
2024-04-06,2327.699951171875,XAU,6,14,4,23,0,51
2024-04-07,2329.699951171875,XAU,7,14,4,23,0,50
2024-04-08,2331.699951171875,XAU,8,15,4,23,0,49
2024-04-09,2343.5,XAU,9,15,4,23,0,48
2024-04-10,2329.60009765625,XAU,10,15,4,23,0,47
2024-04-11,2354.800048828125,XAU,11,15,4,23,0,46
2024-04-12,2356.199951171875,XAU,12,15,4,23,0,45
2024-04-13,2359.3999837239585,XAU,13,15,4,23,0,44
2024-04-14,2362.6000162760415,XAU,14,15,4,23,0,43
2024-04-15,2365.800048828125,XAU,15,16,4,23,0,42
2024-04-16,2390.800048828125,XAU,16,16,4,23,0,41
2024-04-17,2371.699951171875,XAU,17,16,4,23,0,40
2024-04-18,2382.300048828125,XAU,18,16,4,23,0,39
2024-04-19,2398.39990234375,XAU,19,16,4,23,0,38
2024-04-20,2376.333251953125,XAU,20,16,4,23,0,37
2024-04-21,2354.2666015625,XAU,21,16,4,23,0,36
2024-04-22,2332.199951171875,XAU,22,17,4,23,0,35
2024-04-23,2327.699951171875,XAU,23,17,4,23,0,34
2024-04-24,2324.5,XAU,24,17,4,23,0,33
2024-04-25,2329.800048828125,XAU,25,17,4,23,0,32
2024-04-26,2334.800048828125,XAU,26,17,4,23,0,31
2024-04-27,2338.3333333333335,XAU,27,17,4,23,0,30
2024-04-28,2341.8666178385415,XAU,28,17,4,23,0,29
2024-04-29,2345.39990234375,XAU,29,18,4,23,0,28
2024-04-30,2291.39990234375,XAU,30,18,4,23,0,27
2024-05-01,2299.89990234375,XAU,1,18,5,24,0,26
2024-05-02,2299.199951171875,XAU,2,18,5,24,0,25
2024-05-03,2299.0,XAU,3,18,5,24,0,24
2024-05-04,2306.5333658854165,XAU,4,18,5,24,0,23
2024-05-05,2314.0667317708335,XAU,5,18,5,24,0,22
2024-05-06,2321.60009765625,XAU,6,19,5,24,0,21
2024-05-07,2315.199951171875,XAU,7,19,5,24,0,20
2024-05-08,2313.60009765625,XAU,8,19,5,24,0,19
2024-05-09,2332.10009765625,XAU,9,19,5,24,0,18
2024-05-10,2367.300048828125,XAU,10,19,5,24,0,17
2024-05-11,2356.9000651041665,XAU,11,19,5,24,0,16
2024-05-12,2346.5000813802085,XAU,12,19,5,24,0,15
2024-05-13,2336.10009765625,XAU,13,20,5,24,0,14
2024-05-14,2353.39990234375,XAU,14,20,5,24,0,13
2024-05-15,2388.699951171875,XAU,15,20,5,24,0,12
2024-05-16,2380.0,XAU,16,20,5,24,0,11
2024-05-17,2412.199951171875,XAU,17,20,5,24,0,10
2024-05-18,2419.4332682291665,XAU,18,20,5,24,0,9
2024-05-19,2426.6665852864585,XAU,19,20,5,24,0,8
2024-05-20,2433.89990234375,XAU,20,21,5,24,0,7
2024-05-21,2421.699951171875,XAU,21,21,5,24,0,6
2024-05-22,2389.199951171875,XAU,22,21,5,24,0,5
2024-05-23,2335.0,XAU,23,21,5,24,0,4
2024-05-24,2332.5,XAU,24,21,5,24,0,3
2024-05-25,2338.1749877929688,XAU,25,21,5,24,0,2
2024-05-26,2343.8499755859375,XAU,26,21,5,24,0,1
2024-05-27,2349.5249633789062,XAU,27,22,5,24,1,23
2024-05-28,2355.199951171875,XAU,28,22,5,24,0,22
2024-05-29,2340.300048828125,XAU,29,22,5,24,0,21
2024-05-30,2342.89990234375,XAU,30,22,5,24,0,20
2024-05-31,2322.89990234375,XAU,31,22,5,24,0,19
2024-06-01,2330.7999674479165,XAU,1,22,6,25,0,18
2024-06-02,2338.7000325520835,XAU,2,22,6,25,0,17
2024-06-03,2346.60009765625,XAU,3,23,6,25,0,16
2024-06-04,2325.5,XAU,4,23,6,25,0,15
2024-06-05,2354.10009765625,XAU,5,23,6,25,0,14
2024-06-06,2370.300048828125,XAU,6,23,6,25,0,13
2024-06-07,2305.199951171875,XAU,7,23,6,25,0,12
2024-06-08,2306.0332845052085,XAU,8,23,6,25,0,11
2024-06-09,2306.8666178385415,XAU,9,23,6,25,0,10
2024-06-10,2307.699951171875,XAU,10,24,6,25,0,9
2024-06-11,2307.5,XAU,11,24,6,25,0,8
2024-06-12,2336.0,XAU,12,24,6,25,0,7
2024-06-13,2300.199951171875,XAU,13,24,6,25,0,6
2024-06-14,2331.39990234375,XAU,14,24,6,25,0,5
2024-06-15,2325.0665690104165,XAU,15,24,6,25,0,4
2024-06-16,2318.7332356770835,XAU,16,24,6,25,0,3
2024-06-17,2312.39990234375,XAU,17,25,6,25,0,2
2024-06-18,2330.39990234375,XAU,18,25,6,25,0,1
2024-06-19,2342.0999755859375,XAU,19,25,6,25,1,15
2024-06-20,2353.800048828125,XAU,20,25,6,25,0,14
2024-06-21,2316.39990234375,XAU,21,25,6,25,0,13
2024-06-22,2320.9332682291665,XAU,22,25,6,25,0,12
2024-06-23,2325.4666341145835,XAU,23,25,6,25,0,11
2024-06-24,2330.0,XAU,24,26,6,25,0,10
2024-06-25,2316.60009765625,XAU,25,26,6,25,0,9
2024-06-26,2299.199951171875,XAU,26,26,6,25,0,8
2024-06-27,2324.5,XAU,27,26,6,25,0,7
2024-06-28,2327.699951171875,XAU,28,26,6,25,0,6
2024-06-29,2327.6666666666665,XAU,29,26,6,25,0,5
2024-06-30,2327.6333821614585,XAU,30,26,6,25,0,4
2024-07-01,2327.60009765625,XAU,1,27,7,26,0,3
2024-07-02,2323.0,XAU,2,27,7,26,0,2
2024-07-03,2359.800048828125,XAU,3,27,7,26,0,1
2024-07-04,2374.1500244140625,XAU,4,27,7,26,1,60
2024-07-05,2388.5,XAU,5,27,7,26,0,59
2024-07-06,2377.3999837239585,XAU,6,27,7,26,0,58
2024-07-07,2366.2999674479165,XAU,7,27,7,26,0,57
2024-07-08,2355.199951171875,XAU,8,28,7,26,0,56
2024-07-09,2360.10009765625,XAU,9,28,7,26,0,55
2024-07-10,2372.199951171875,XAU,10,28,7,26,0,54
2024-07-11,2415.0,XAU,11,28,7,26,0,53
2024-07-12,2414.0,XAU,12,28,7,26,0,52
2024-07-13,2416.9666341145835,XAU,13,28,7,26,0,51
2024-07-14,2419.9332682291665,XAU,14,28,7,26,0,50
2024-07-15,2422.89990234375,XAU,15,29,7,26,0,49
2024-07-16,2462.39990234375,XAU,16,29,7,26,0,48
2024-07-17,2454.800048828125,XAU,17,29,7,26,0,47
2024-07-18,2451.800048828125,XAU,18,29,7,26,0,46
2024-07-19,2395.5,XAU,19,29,7,26,0,45
2024-07-20,2394.3333333333335,XAU,20,29,7,26,0,44
2024-07-21,2393.1666666666665,XAU,21,29,7,26,0,43
2024-07-22,2392.0,XAU,22,30,7,26,0,42
2024-07-23,2404.60009765625,XAU,23,30,7,26,0,41
2024-07-24,2413.300048828125,XAU,24,30,7,26,0,40
2024-07-25,2351.89990234375,XAU,25,30,7,26,0,39
2024-07-26,2380.0,XAU,26,30,7,26,0,38
2024-07-27,2379.1000162760415,XAU,27,30,7,26,0,37
2024-07-28,2378.2000325520835,XAU,28,30,7,26,0,36
2024-07-29,2377.300048828125,XAU,29,31,7,26,0,35
2024-07-30,2405.0,XAU,30,31,7,26,0,34
2024-07-31,2426.5,XAU,31,31,7,26,0,33
2024-08-01,2435.0,XAU,1,31,8,27,0,32
2024-08-02,2425.699951171875,XAU,2,31,8,27,0,31
2024-08-03,2417.699951171875,XAU,3,31,8,27,0,30
2024-08-04,2409.699951171875,XAU,4,31,8,27,0,29
2024-08-05,2401.699951171875,XAU,5,32,8,27,0,28
2024-08-06,2389.10009765625,XAU,6,32,8,27,0,27
2024-08-07,2390.5,XAU,7,32,8,27,0,26
2024-08-08,2422.199951171875,XAU,8,32,8,27,0,25
2024-08-09,2432.10009765625,XAU,9,32,8,27,0,24
2024-08-10,2442.2000325520835,XAU,10,32,8,27,0,23
2024-08-11,2452.2999674479165,XAU,11,32,8,27,0,22
2024-08-12,2462.39990234375,XAU,12,33,8,27,0,21
2024-08-13,2466.699951171875,XAU,13,33,8,27,0,20
2024-08-14,2439.39990234375,XAU,14,33,8,27,0,19
2024-08-15,2453.10009765625,XAU,15,33,8,27,0,18
2024-08-16,2498.60009765625,XAU,16,33,8,27,0,17
2024-08-17,2499.666748046875,XAU,17,33,8,27,0,16
2024-08-18,2500.7333984375,XAU,18,33,8,27,0,15
2024-08-19,2501.800048828125,XAU,19,34,8,27,0,14
2024-08-20,2511.300048828125,XAU,20,34,8,27,0,13
2024-08-21,2508.39990234375,XAU,21,34,8,27,0,12
2024-08-22,2478.89990234375,XAU,22,34,8,27,0,11
2024-08-23,2508.39990234375,XAU,23,34,8,27,0,10
2024-08-24,2511.4999186197915,XAU,24,34,8,27,0,9
2024-08-25,2514.5999348958335,XAU,25,34,8,27,0,8
2024-08-26,2517.699951171875,XAU,26,35,8,27,0,7
2024-08-27,2516.0,XAU,27,35,8,27,0,6
2024-08-28,2501.0,XAU,28,35,8,27,0,5
2024-08-29,2525.699951171875,XAU,29,35,8,27,0,4
2024-08-30,2493.800048828125,XAU,30,35,8,27,0,3
2024-08-31,2492.8250122070312,XAU,31,35,8,27,0,2
2024-09-01,2491.8499755859375,XAU,1,35,9,28,0,1
2024-09-02,2490.8749389648438,XAU,2,36,9,28,1,42
2024-09-03,2489.89990234375,XAU,3,36,9,28,0,41
2024-09-04,2493.39990234375,XAU,4,36,9,28,0,40
2024-09-05,2511.39990234375,XAU,5,36,9,28,0,39
2024-09-06,2493.5,XAU,6,36,9,28,0,38
2024-09-07,2496.2666829427085,XAU,7,36,9,28,0,37
2024-09-08,2499.0333658854165,XAU,8,36,9,28,0,36
2024-09-09,2501.800048828125,XAU,9,37,9,28,0,35
2024-09-10,2512.300048828125,XAU,10,37,9,28,0,34
2024-09-11,2512.10009765625,XAU,11,37,9,28,0,33
2024-09-12,2551.199951171875,XAU,12,37,9,28,0,32
2024-09-13,2581.300048828125,XAU,13,37,9,28,0,31
2024-09-14,2581.0,XAU,14,37,9,28,0,30
2024-09-15,2580.699951171875,XAU,15,37,9,28,0,29
2024-09-16,2580.39990234375,XAU,16,38,9,28,0,28
2024-09-17,2564.300048828125,XAU,17,38,9,28,0,27
2024-09-18,2570.699951171875,XAU,18,38,9,28,0,26
2024-09-19,2588.0,XAU,19,38,9,28,0,25
2024-09-20,2619.89990234375,XAU,20,38,9,28,0,24
2024-09-21,2622.0999348958335,XAU,21,38,9,28,0,23
2024-09-22,2624.2999674479165,XAU,22,38,9,28,0,22
2024-09-23,2626.5,XAU,23,39,9,28,0,21
2024-09-24,2651.199951171875,XAU,24,39,9,28,0,20
2024-09-25,2659.199951171875,XAU,25,39,9,28,0,19
2024-09-26,2669.89990234375,XAU,26,39,9,28,0,18
2024-09-27,2644.300048828125,XAU,27,39,9,28,0,17
2024-09-28,2641.5667317708335,XAU,28,39,9,28,0,16
2024-09-29,2638.8334147135415,XAU,29,39,9,28,0,15
2024-09-30,2636.10009765625,XAU,30,40,9,28,0,14
2024-10-01,2667.300048828125,XAU,1,40,10,29,0,13
2024-10-02,2647.10009765625,XAU,2,40,10,29,0,12
2024-10-03,2657.10009765625,XAU,3,40,10,29,0,11
2024-10-04,2645.800048828125,XAU,4,40,10,29,0,10
2024-10-05,2645.4667154947915,XAU,5,40,10,29,0,9
2024-10-06,2645.1333821614585,XAU,6,40,10,29,0,8
2024-10-07,2644.800048828125,XAU,7,41,10,29,0,7
2024-10-08,2615.0,XAU,8,41,10,29,0,6
2024-10-09,2606.0,XAU,9,41,10,29,0,5
2024-10-10,2620.60009765625,XAU,10,41,10,29,0,4
2024-10-11,2657.60009765625,XAU,11,41,10,29,0,3
2024-10-12,2654.3334147135415,XAU,12,41,10,29,0,2
2024-10-13,2651.0667317708335,XAU,13,41,10,29,0,1
2024-10-14,2647.800048828125,XAU,14,42,10,29,1,28
2024-10-15,2661.39990234375,XAU,15,42,10,29,0,27
2024-10-16,2674.0,XAU,16,42,10,29,0,26
2024-10-17,2691.0,XAU,17,42,10,29,0,25
2024-10-18,2713.699951171875,XAU,18,42,10,29,0,24
2024-10-19,2716.8333333333335,XAU,19,42,10,29,0,23
2024-10-20,2719.9667154947915,XAU,20,42,10,29,0,22
2024-10-21,2723.10009765625,XAU,21,43,10,29,0,21
2024-10-22,2744.199951171875,XAU,22,43,10,29,0,20
2024-10-23,2714.39990234375,XAU,23,43,10,29,0,19
2024-10-24,2734.89990234375,XAU,24,43,10,29,0,18
2024-10-25,2740.89990234375,XAU,25,43,10,29,0,17
2024-10-26,2741.5665690104165,XAU,26,43,10,29,0,16
2024-10-27,2742.2332356770835,XAU,27,43,10,29,0,15
2024-10-28,2742.89990234375,XAU,28,44,10,29,0,14
2024-10-29,2768.39990234375,XAU,29,44,10,29,0,13
2024-10-30,2788.5,XAU,30,44,10,29,0,12
2024-10-31,2738.300048828125,XAU,31,44,10,29,0,11
2024-11-01,2738.60009765625,XAU,1,44,11,30,0,10
2024-11-02,2737.7667643229165,XAU,2,44,11,30,0,9
2024-11-03,2736.9334309895835,XAU,3,44,11,30,0,8
2024-11-04,2736.10009765625,XAU,4,45,11,30,0,7
2024-11-05,2740.300048828125,XAU,5,45,11,30,0,6
2024-11-06,2667.60009765625,XAU,6,45,11,30,0,5
2024-11-07,2698.39990234375,XAU,7,45,11,30,0,4
2024-11-08,2687.5,XAU,8,45,11,30,0,3
2024-11-09,2662.066650390625,XAU,9,45,11,30,0,2
2024-11-10,2636.63330078125,XAU,10,45,11,30,0,1
2024-11-11,2611.199951171875,XAU,11,46,11,30,1,17
2024-11-12,2600.0,XAU,12,46,11,30,0,16
2024-11-13,2580.800048828125,XAU,13,46,11,30,0,15
2024-11-14,2568.199951171875,XAU,14,46,11,30,0,14
2024-11-15,2565.699951171875,XAU,15,46,11,30,0,13
2024-11-16,2580.6666666666665,XAU,16,46,11,30,0,12
2024-11-17,2595.6333821614585,XAU,17,46,11,30,0,11
2024-11-18,2610.60009765625,XAU,18,47,11,30,0,10
2024-11-19,2627.10009765625,XAU,19,47,11,30,0,9
2024-11-20,2648.199951171875,XAU,20,47,11,30,0,8
2024-11-21,2672.10009765625,XAU,21,47,11,30,0,7
2024-11-22,2709.89990234375,XAU,22,47,11,30,0,6
2024-11-23,2678.8666178385415,XAU,23,47,11,30,0,5
2024-11-24,2647.8333333333335,XAU,24,47,11,30,0,4
2024-11-25,2616.800048828125,XAU,25,48,11,30,0,3
2024-11-26,2620.300048828125,XAU,26,48,11,30,0,2
2024-11-27,2639.89990234375,XAU,27,48,11,30,0,1
2024-11-28,2648.449951171875,XAU,28,48,11,30,1,365
2024-11-29,2657.0,XAU,29,48,11,30,0,365
2024-11-30,2649.63330078125,XAU,30,48,11,30,0,365
2024-12-01,2642.2666015625,XAU,1,48,12,31,0,365
2024-12-02,2634.89990234375,XAU,2,49,12,31,0,365
2024-12-03,2644.699951171875,XAU,3,49,12,31,0,365
2024-12-04,2653.800048828125,XAU,4,49,12,31,0,365
2024-12-05,2626.60009765625,XAU,5,49,12,31,0,365
2024-12-06,2638.60009765625,XAU,6,49,12,31,0,365
2024-12-07,2638.60009765625,XAU,7,49,12,31,0,365
2024-12-08,2638.60009765625,XAU,8,49,12,31,0,365
